{
  "accuracy": 0.9985559566787003,
  "macro_f1": 0.9980587401550474,
  "weighted_f1": 0.998553123874913,
  "n_test": 1385
}