{
  "MAE_log_lambda": 0.03659865346089197,
  "RMSE_log_lambda": 0.05076936913900318,
  "R2": 0.9893877644148458,
  "n_test": 600
}