{
  "status": "ok",
  "accuracy": 0.9984326018808778,
  "macro_f1": 0.9985540584949063,
  "weighted_f1": 0.9984277600989784,
  "n_test": 638
}